<?xml version="1.0" encoding="UTF-8"?>
<metadata modelVersion="1.1.0">
  <groupId>cucumber-macquire-catapplication</groupId>
  <artifactId>cucumber-macquire-catapplication</artifactId>
  <version>0.0.1-SNAPSHOT</version>
  <versioning>
    <snapshot>
      <localCopy>true</localCopy>
    </snapshot>
    <lastUpdated>20170209054331</lastUpdated>
    <snapshotVersions>
      <snapshotVersion>
        <extension>jar</extension>
        <value>0.0.1-SNAPSHOT</value>
        <updated>20170209054331</updated>
      </snapshotVersion>
      <snapshotVersion>
        <extension>pom</extension>
        <value>0.0.1-SNAPSHOT</value>
        <updated>20170209054331</updated>
      </snapshotVersion>
    </snapshotVersions>
  </versioning>
</metadata>
